"Date","Rental.Count","Temperature.C.","Humidity.percent.","Wind.speed..m.s.","Visibility..10m.","Dew.point.temperature.C.","Solar.Radiation..MJ.m2.","Rainfall.mm.","Snowfall..cm.","Seasons","Holiday","Functioning.Day"
"01/01/2023",2014,2,54,1.7,1051,-6.3,1.73,0,0,"Winter","Holiday","Yes"
"02/01/2023",2338,-2.6,37,3.2,2000,-15.3,1.86,0,0,"Winter","No Holiday","Yes"
"03/01/2023",2532,-2.3,36,3,2000,-15.3,1.87,0,0,"Winter","No Holiday","Yes"
"04/01/2023",2788,1.5,41,3,2000,-10.3,1.75,0,0,"Winter","No Holiday","Yes"
"05/01/2023",2852,0.2,55,2.2,1890,-7.7,1.06,0,0,"Winter","No Holiday","Yes"
"06/01/2023",3190,3.1,54,1.6,1144,-5.3,1.66,0,0,"Winter","No Holiday","Yes"
"07/01/2023",2603,2.4,75,3.2,363,-1.5,0.52,0,0.5,"Winter","No Holiday","Yes"
"08/01/2023",2574,2.8,67,1.1,557,-2.7,1.64,0,0,"Winter","No Holiday","Yes"
"09/01/2023",3207,6.3,59,2.9,1005,-1.1,1.72,0,0,"Winter","No Holiday","Yes"
"10/01/2023",3439,4.5,49,1.1,1950,-5.3,1.84,0,0,"Winter","No Holiday","Yes"
"11/01/2023",3554,5.3,56,1.1,1194,-2.7,1.69,0,0,"Winter","No Holiday","Yes"
"12/01/2023",3722,8.1,38,2.3,1523,-5.3,1.71,0,0,"Winter","No Holiday","Yes"
"13/01/2023",1604,9,99,1.3,657,8.8,0.13,0.5,0,"Winter","No Holiday","Yes"
"14/01/2023",598,8,99,2.2,259,7.8,0.2,0.9,0,"Winter","No Holiday","Yes"
"15/01/2023",1047,0.1,96,2.4,937,-0.4,0.34,0.5,0.6,"Winter","No Holiday","Yes"
"16/01/2023",2603,-4,53,3.2,2000,-12.1,2,0,0,"Winter","No Holiday","Yes"
"17/01/2023",2748,-3.1,49,1.8,2000,-12.3,0.69,0,0,"Winter","No Holiday","Yes"
"18/01/2023",3174,0.1,48,2.8,2000,-9.6,1.96,0,0,"Winter","No Holiday","Yes"
"19/01/2023",3107,0.2,56,2.3,2000,-7.5,1.1,0,0,"Winter","No Holiday","Yes"
"20/01/2023",2463,-3.5,41,5.2,2000,-14.8,2.05,0,0,"Winter","No Holiday","Yes"
"21/01/2023",1824,-2.7,40,2.6,2000,-14.4,1.99,0,0,"Winter","Holiday","Yes"
"22/01/2023",1118,-0.6,76,2.8,2000,-4.3,0.6,0,0,"Winter","Holiday","Yes"
"23/01/2023",2027,3.9,64,3,1349,-2.3,1.74,0,0,"Winter","Holiday","Yes"
"24/01/2023",906,-14.4,41,4.8,2000,-24.7,2.11,0,0,"Winter","Holiday","Yes"
"25/01/2023",1589,-9.6,39,2.4,2000,-21,2.09,0,0,"Winter","No Holiday","Yes"
"26/01/2023",691,-5.3,82,2.5,1459,-7.8,0.84,0,3.7,"Winter","No Holiday","Yes"
"27/01/2023",1762,-6.4,44,5.7,2000,-16.6,2.12,0,0.5,"Winter","No Holiday","Yes"
"28/01/2023",2293,-3.9,45,2.1,2000,-14.1,1.48,0,0,"Winter","No Holiday","Yes"
"29/01/2023",2427,-0.1,52,2.3,2000,-8.7,1.51,0,0,"Winter","No Holiday","Yes"
"30/01/2023",2723,1.1,39,3.3,2000,-11.3,2.08,0,0,"Winter","No Holiday","Yes"
"31/01/2023",2972,2.4,55,2.8,2000,-5.7,0.54,0,0,"Winter","No Holiday","Yes"
"01/02/2023",3213,3.2,50,5.4,2000,-6.2,1.96,0,0,"Winter","No Holiday","Yes"
"02/02/2023",2905,-0.6,45,2.9,2000,-11,1.72,0,0,"Winter","No Holiday","Yes"
"03/02/2023",3163,0.1,42,3.3,2000,-11.3,1.9,0,0,"Winter","No Holiday","Yes"
"04/02/2023",3701,2.6,50,2.9,2000,-6.8,2,0,0,"Winter","No Holiday","Yes"
"05/02/2023",3281,4.7,62,1.4,986,-1.9,1.88,0,0,"Winter","No Holiday","Yes"
"06/02/2023",3432,6.2,65,2.2,836,0,1.86,0,0,"Winter","No Holiday","Yes"
"07/02/2023",3603,6.3,64,1.6,764,0,1.3,0,0,"Winter","No Holiday","Yes"
"08/02/2023",3698,4.2,47,3,1894,-6.1,2.21,0,0,"Winter","No Holiday","Yes"
"09/02/2023",3717,6.2,36,3.7,2000,-7.8,1.91,0,0,"Winter","No Holiday","Yes"
"10/02/2023",3311,5.8,78,2.7,1664,2.2,1.34,0,0,"Winter","No Holiday","Yes"
"11/02/2023",4338,4.8,64,1.2,1479,-1.4,1.4,0,0,"Winter","No Holiday","Yes"
"12/02/2023",3580,5.1,67,1.8,756,-0.5,1.36,0,0,"Winter","No Holiday","Yes"
"13/02/2023",3779,7.9,59,2.1,2000,0.3,1.05,0,0,"Winter","No Holiday","Yes"
"14/02/2023",3936,3.7,47,2.4,2000,-6.5,2.27,0,0,"Winter","No Holiday","Yes"
"15/02/2023",4031,6.1,42,2.6,2000,-5.8,2.25,0,0,"Winter","No Holiday","Yes"
"16/02/2023",3428,3,71,3.6,1489,-1.7,0.8,0,0,"Winter","No Holiday","Yes"
"17/02/2023",4292,6.3,56,2.1,1867,-1.8,2.14,0,0,"Winter","No Holiday","Yes"
"18/02/2023",4468,6.6,53,1.6,939,-2.3,0.46,0,0,"Winter","No Holiday","Yes"
"19/02/2023",3646,5.3,56,4.3,1327,-2.7,2.15,0,0,"Winter","No Holiday","Yes"
"20/02/2023",3229,1.3,32,5.8,2000,-13.6,2.53,0,0,"Winter","No Holiday","Yes"
"21/02/2023",3358,0.9,34,2.6,2000,-13.2,2.54,0,0,"Winter","No Holiday","Yes"
"22/02/2023",4002,4.9,35,1.5,2000,-9.3,2.4,0,0,"Winter","No Holiday","Yes"
"23/02/2023",4006,5.4,45,2.2,2000,-5.6,2.26,0,0,"Winter","No Holiday","Yes"
"24/02/2023",4205,6.5,46,3.7,1425,-4.3,2.4,0,0,"Winter","No Holiday","Yes"
"25/02/2023",4271,2.5,39,3.3,2000,-10,2.56,0,0,"Winter","No Holiday","Yes"
"26/02/2023",4214,5,31,2.1,2000,-10.7,2.61,0,0,"Winter","No Holiday","Yes"
"27/02/2023",4251,8.8,38,2.1,2000,-4.7,2.59,0,0,"Winter","No Holiday","Yes"
"28/02/2023",4341,5.3,68,2.9,1396,-0.1,0.79,0,0,"Winter","No Holiday","Yes"
"01/03/2023",4745,7.1,67,2.5,2000,1.3,0.63,0,0,"Spring","Holiday","Yes"
"02/03/2023",4157,4.3,25,2.4,2000,-14,2.64,0,0,"Spring","No Holiday","Yes"
"03/03/2023",4517,8,52,3.3,2000,-1.2,2.47,0,0,"Spring","No Holiday","Yes"
"04/03/2023",5944,10.4,56,0.8,870,1.9,2.16,0,0,"Spring","No Holiday","Yes"
"05/03/2023",5763,12.8,46,1.5,790,1.4,2.39,0,0,"Spring","No Holiday","Yes"
"06/03/2023",4719,13.6,26,2.5,2000,-5.5,2.63,0,0,"Spring","No Holiday","Yes"
"07/03/2023",4969,15.3,44,1.9,1919,3.1,2.42,0,0,"Spring","No Holiday","Yes"
"08/03/2023",5139,16.1,46,3.9,2000,4.4,1.51,0,0,"Spring","No Holiday","Yes"
"09/03/2023",4006,10,88,2.6,396,8,0.51,0.1,0,"Spring","No Holiday","Yes"
"10/03/2023",5679,16.7,48,2.4,1035,5.6,2.4,0,0,"Spring","No Holiday","Yes"
"11/03/2023",7327,20.6,29,3,1955,1.9,2.47,0,0,"Spring","No Holiday","Yes"
"12/03/2023",255,6.5,94,3.3,994,5.5,0.21,3.3,0,"Spring","No Holiday","Yes"
"13/03/2023",4215,5.1,27,3.4,2000,-12.4,2.86,0,0,"Spring","No Holiday","Yes"
"14/03/2023",4960,12.9,29,1.8,2000,-4.7,2.12,0,0,"Spring","No Holiday","Yes"
"15/03/2023",5097,13.7,65,5.7,2000,7.2,0.6,0,0,"Spring","No Holiday","Yes"
"16/03/2023",4997,7.5,21,4.3,2000,-13.4,2.97,0,0,"Spring","No Holiday","Yes"
"17/03/2023",5339,10.2,26,2,2000,-8.4,2.23,0,0,"Spring","No Holiday","Yes"
"18/03/2023",7175,10.6,31,2.2,2000,-5.8,1.65,0,0,"Spring","No Holiday","Yes"
"19/03/2023",6947,12,45,2.9,1225,0.4,2.85,0,0,"Spring","No Holiday","Yes"
"20/03/2023",5171,14,36,2.9,1015,-0.8,2.42,0,0,"Spring","No Holiday","Yes"
"21/03/2023",5790,16.7,24,2.2,1968,-4,2.88,0,0,"Spring","No Holiday","Yes"
"22/03/2023",6146,21.3,29,2.3,1323,2.5,2.8,0,0,"Spring","No Holiday","Yes"
"23/03/2023",5866,19.1,56,2.5,2000,10.1,1.51,0,0,"Spring","No Holiday","Yes"
"24/03/2023",6199,14.5,28,2.7,1147,-3.8,2.17,0,0,"Spring","No Holiday","Yes"
"25/03/2023",8308,14.9,55,1.9,1647,5.9,1.26,0,0,"Spring","No Holiday","Yes"
"26/03/2023",8009,12.7,19,4.2,2000,-10.3,3.2,0,0,"Spring","No Holiday","Yes"
"27/03/2023",5823,11.3,27,3.2,2000,-7,3.07,0,0,"Spring","No Holiday","Yes"
"28/03/2023",5982,12.9,31,3.2,2000,-3.8,2.09,0,0,"Spring","No Holiday","Yes"
"29/03/2023",6505,16.6,38,1.1,1127,2.2,2.9,0,0,"Spring","No Holiday","Yes"
"30/03/2023",6921,18.7,32,3,1217,1.6,3.03,0,0,"Spring","No Holiday","Yes"
"31/03/2023",7318,20.3,29,3.1,1077,1.6,2.98,0,0,"Spring","No Holiday","Yes"
"01/04/2023",9418,22.3,27,2.3,1506,2.3,2.93,0,0,"Spring","No Holiday","Yes"
"02/04/2023",9766,22.5,18,2.8,2000,-3,3.16,0,0,"Spring","No Holiday","Yes"
"03/04/2023",6862,22.4,21,2.7,2000,-1,3.07,0,0,"Spring","No Holiday","Yes"
"04/04/2023",6749,21.1,19,2,2000,-3.4,1.77,0,0,"Spring","No Holiday","Yes"
"05/04/2023",84,14.4,100,2.3,189,14.4,0.21,4,0,"Spring","No Holiday","Yes"
"06/04/2023",2300,9.4,94,3,442,8.4,0.23,0,0,"Spring","No Holiday","Yes"
"07/04/2023",6566,13.6,60,2.6,1565,5.9,3.02,0,0,"Spring","No Holiday","Yes"
"08/04/2023",8422,12.1,27,6.6,2000,-6.3,3.28,0,0,"Spring","No Holiday","Yes"
"09/04/2023",8075,15.1,46,3.6,2000,3.5,3.22,0,0,"Spring","No Holiday","Yes"
"10/04/2023",6383,16.7,35,2.6,2000,1.1,2.49,0,0,"Spring","No Holiday","Yes"
"11/04/2023",2259,15.7,82,6.3,2000,12.6,0.08,0.2,0,"Spring","No Holiday","Yes"
"12/04/2023",5583,14.3,25,3.8,1599,-5.4,3.19,0,0,"Spring","No Holiday","Yes"
"13/04/2023",5535,14.9,29,2.1,1822,-3,1.69,0,0,"Spring","No Holiday","Yes"
"14/04/2023",6630,18.9,54,3,2000,9.3,2.33,0,0,"Spring","No Holiday","Yes"
"15/04/2023",1533,14.1,95,2.1,565,13.3,0.57,1.8,0,"Spring","No Holiday","Yes"
"16/04/2023",6543,13.1,63,3.3,1182,6.2,2.03,0,0,"Spring","No Holiday","Yes"
"17/04/2023",6310,15.3,47,3.6,2000,4,2.2,0,0,"Spring","No Holiday","Yes"
"18/04/2023",2032,11.5,97,3.6,330,11,0.43,0,0,"Spring","No Holiday","Yes"
"19/04/2023",7273,22,48,2.8,2000,10.4,3.49,0,0,"Spring","No Holiday","Yes"
"20/04/2023",5949,17,87,2.8,2000,14.8,0.47,0,0,"Spring","No Holiday","Yes"
"21/04/2023",7357,19.2,51,2,2000,8.8,2.37,0,0,"Spring","No Holiday","Yes"
"22/04/2023",8796,19,18,4,2000,-5.8,2.35,0,0,"Spring","No Holiday","Yes"
"23/04/2023",8185,19.8,26,2.4,2000,-0.2,2.79,0,0,"Spring","No Holiday","Yes"
"24/04/2023",6698,19.6,36,3.1,2000,4.1,2.52,0,0,"Spring","No Holiday","Yes"
"25/04/2023",1077,11.9,65,3.7,2000,5.5,0.69,0,0,"Spring","No Holiday","Yes"
"26/04/2023",5624,9.8,65,4.2,2000,3.5,1.03,0,0,"Spring","No Holiday","Yes"
"27/04/2023",7159,16.6,48,2.4,1949,5.5,3.26,0,0,"Spring","No Holiday","Yes"
"28/04/2023",7928,19.8,36,3.2,2000,4.2,3.28,0,0,"Spring","No Holiday","Yes"
"29/04/2023",328,13.5,98,2.2,696,13.1,0.19,2.7,0,"Spring","No Holiday","Yes"
"30/04/2023",7931,15.4,52,2.5,2000,5.5,2.61,0,0,"Spring","No Holiday","Yes"
"01/05/2023",9403,17.7,36,3.9,2000,2.4,3.45,0,0,"Spring","No Holiday","Yes"
"02/05/2023",7083,20.8,32,2.3,2000,3.4,2.48,0,0,"Spring","No Holiday","Yes"
"03/05/2023",7632,23.3,32,1.4,2000,5.6,3.35,0,0,"Spring","No Holiday","Yes"
"04/05/2023",7588,23.3,58,2.7,2000,14.5,2.35,0,0,"Spring","No Holiday","Yes"
"05/05/2023",1091,19.6,95,1.1,1861,18.7,0.22,0,0,"Spring","Holiday","Yes"
"06/05/2023",120,11.9,100,4.9,1028,11.8,0.57,3.7,0,"Spring","No Holiday","Yes"
"07/05/2023",6553,16.4,43,2.4,2000,3.7,1.38,0,0,"Spring","No Holiday","Yes"
"08/05/2023",6807,20.3,39,2.9,2000,5.8,3.44,0,0,"Spring","No Holiday","Yes"
"09/05/2023",6896,21.3,45,2.9,1575,8.8,3.44,0,0,"Spring","No Holiday","Yes"
"10/05/2023",7052,22.7,38,1.4,1794,7.6,2.78,0,0,"Spring","No Holiday","Yes"
"11/05/2023",7043,24.3,42,1.7,2000,10.5,3.37,0,0,"Spring","No Holiday","Yes"
"12/05/2023",7788,21.3,37,1.7,1708,6,2.07,0,0,"Spring","No Holiday","Yes"
"13/05/2023",9147,22.2,44,2.4,1893,9.3,3.39,0,0,"Spring","No Holiday","Yes"
"14/05/2023",8803,22,42,2.6,2000,8.4,2.81,0,0,"Spring","No Holiday","Yes"
"15/05/2023",7032,25.1,38,2.5,2000,9.7,3.35,0,0,"Spring","No Holiday","Yes"
"16/05/2023",6626,28,44,3.5,1869,14.6,3.31,0,0,"Spring","No Holiday","Yes"
"17/05/2023",6658,27.9,35,4.9,2000,11,3.12,0,0,"Spring","No Holiday","Yes"
"18/05/2023",6634,25.5,60,2.4,2000,17.1,2.2,0,0,"Spring","No Holiday","Yes"
"19/05/2023",7516,25.6,49,2.7,2000,14,3.19,0,0,"Spring","No Holiday","Yes"
"20/05/2023",8896,26.7,54,3.1,2000,16.6,2.88,0,0,"Spring","No Holiday","Yes"
"21/05/2023",8314,20.2,60,3.1,1900,12.1,2.99,0,0,"Spring","No Holiday","Yes"
"22/05/2023",6890,23.5,46,2.4,1794,11.2,3.25,0,0,"Spring","No Holiday","Yes"
"23/05/2023",7120,23.9,34,2.3,2000,7.1,3.48,0,0,"Spring","No Holiday","Yes"
"24/05/2023",7175,24.7,41,2.6,2000,10.5,2.62,0,0,"Spring","No Holiday","Yes"
"25/05/2023",7069,25.3,31,2.7,2000,6.9,3.48,0,0,"Spring","No Holiday","Yes"
"26/05/2023",7609,24.5,43,2.2,2000,11,3.22,0,0,"Spring","No Holiday","Yes"
"27/05/2023",222,19.7,92,1.3,224,18.3,0.36,3,0,"Spring","Holiday","Yes"
"28/05/2023",174,19.8,98,0.6,265,19.4,0.21,1.6,0,"Spring","No Holiday","Yes"
"29/05/2023",7421,24.5,80,2,2000,20.8,1.46,0,0,"Spring","Holiday","Yes"
"30/05/2023",6334,26.6,57,3.2,2000,17.3,2.26,0,0,"Spring","No Holiday","Yes"
"31/05/2023",6677,25.6,47,3.2,2000,13.4,3.41,0,0,"Spring","No Holiday","Yes"
"01/06/2023",7075,25.3,61,2.4,2000,17.2,2.32,0,0,"Summer","No Holiday","Yes"
"02/06/2023",7627,19.8,82,2.7,1428,16.6,0.62,0,0,"Summer","No Holiday","Yes"
"03/06/2023",8609,25.8,39,4.2,2000,10.7,3.56,0,0,"Summer","No Holiday","Yes"
"04/06/2023",7611,26,52,3,2000,15.3,3.45,0,0,"Summer","No Holiday","Yes"
"05/06/2023",7758,23.9,61,3.6,2000,15.9,3.02,0,0,"Summer","No Holiday","Yes"
"06/06/2023",9047,23.2,59,2.5,2000,14.7,2.23,0,0,"Summer","Holiday","Yes"
"07/06/2023",6967,21.4,77,2.4,1338,17.1,0.83,0,0,"Summer","No Holiday","Yes"
"08/06/2023",6315,21.5,73,3.9,2000,16.4,0.51,0,0,"Summer","No Holiday","Yes"
"09/06/2023",7380,25.3,52,2.4,2000,14.7,3.54,0,0,"Summer","No Holiday","Yes"
"10/06/2023",8817,27.5,53,2.6,2000,17,2.89,0,0,"Summer","No Holiday","Yes"
"11/06/2023",6124,24.8,66,1.4,2000,18,2.99,0,0,"Summer","No Holiday","Yes"
"12/06/2023",6811,26.1,55,1.9,2000,16.3,2.49,0,0,"Summer","No Holiday","Yes"
"13/06/2023",6996,24.9,62,3.1,2000,17.1,2.55,0,0,"Summer","No Holiday","Yes"
"14/06/2023",6937,23.9,60,1.9,1791,15.6,1.85,0,0,"Summer","No Holiday","Yes"
"15/06/2023",7046,25.3,64,2.1,1964,17.9,3.43,0,0,"Summer","No Holiday","Yes"
"16/06/2023",7221,26.8,48,3,2000,14.8,3.4,0,0,"Summer","No Holiday","Yes"
"17/06/2023",8125,28,44,2.5,2000,14.6,3.39,0,0,"Summer","No Holiday","Yes"
"18/06/2023",6563,28.9,46,2.3,2000,16.1,3.43,0,0,"Summer","No Holiday","Yes"
"19/06/2023",5649,31.9,48,1.7,2000,19.5,3.04,0,0,"Summer","No Holiday","Yes"
"20/06/2023",4017,25.9,55,2.6,2000,16.1,0.51,0,0,"Summer","No Holiday","Yes"
"21/06/2023",1729,20.6,94,1.9,1475,19.5,0.36,0,0,"Summer","No Holiday","Yes"
"22/06/2023",7071,24.8,65,3.6,2000,17.7,2.55,0,0,"Summer","No Holiday","Yes"
"23/06/2023",7151,25.5,71,1.1,1931,19.8,1.95,0,0,"Summer","No Holiday","Yes"
"24/06/2023",7921,29.1,62,2,1952,21,2.81,0,0,"Summer","No Holiday","Yes"
"25/06/2023",6151,31.2,57,2,2000,21.6,3.29,0,0,"Summer","No Holiday","Yes"
"26/06/2023",4413,24.5,87,3.3,1994,22.1,0.36,0,0,"Summer","No Holiday","Yes"
"27/06/2023",6474,26.6,68,3.9,2000,20.2,2.41,0,0,"Summer","No Holiday","Yes"
"28/06/2023",6662,28.4,66,2.8,2000,21.4,2.63,0,0,"Summer","No Holiday","Yes"
"29/06/2023",251,23.6,97,1.6,1759,23,0.31,23.8,0,"Summer","No Holiday","Yes"
"30/06/2023",5227,25.1,92,2.2,796,23.7,0.24,0.1,0,"Summer","No Holiday","Yes"
"01/07/2023",6652,31,66,2.3,2000,23.8,3.32,0,0,"Summer","No Holiday","Yes"
"02/07/2023",6070,28,74,2.9,2000,22.9,1.65,0,0,"Summer","No Holiday","Yes"
"03/07/2023",5760,31.1,64,1,2000,23.4,2.08,0,0,"Summer","No Holiday","Yes"
"04/07/2023",5905,28.7,73,3.5,1697,23.3,0.7,0,0,"Summer","No Holiday","Yes"
"05/07/2023",6481,26.2,74,3.4,2000,21.1,3.12,0,0,"Summer","No Holiday","Yes"
"06/07/2023",6328,30,63,3.4,2000,22.1,3.35,0,0,"Summer","No Holiday","Yes"
"07/07/2023",6503,30.6,52,2.2,2000,19.6,3.28,0,0,"Summer","No Holiday","Yes"
"08/07/2023",8075,26,75,2.2,2000,21.2,1.06,0,0,"Summer","No Holiday","Yes"
"09/07/2023",368,22,97,2.2,79,21.4,0.19,10.2,0,"Summer","No Holiday","Yes"
"10/07/2023",5706,27.2,81,2.7,1734,23.6,1.52,0,0,"Summer","No Holiday","Yes"
"11/07/2023",1863,23.8,95,2.6,2000,22.9,0.14,0.7,0,"Summer","No Holiday","Yes"
"12/07/2023",6091,26.9,84,1.9,1786,23.9,1.29,0,0,"Summer","No Holiday","Yes"
"13/07/2023",158,24.8,96,2,206,24.1,0.2,12.7,0,"Summer","No Holiday","Yes"
"14/07/2023",300,25,99,3.5,412,24.8,0.18,1.3,0,"Summer","No Holiday","Yes"
"15/07/2023",5411,25.5,89,2.8,2000,23.5,0.84,0,0,"Summer","No Holiday","Yes"
"16/07/2023",1857,25.3,92,2.1,1038,23.8,0.6,0,0,"Summer","No Holiday","Yes"
"17/07/2023",5620,26.6,81,3.7,1987,23,0.94,0,0,"Summer","No Holiday","Yes"
"18/07/2023",947,25.3,94,2,1942,24.2,0.56,0.7,0,"Summer","No Holiday","Yes"
"19/07/2023",5992,29.8,73,0.8,2000,24.4,2.87,0,0,"Summer","No Holiday","Yes"
"20/07/2023",5678,30.3,69,2,1152,23.9,2.9,0,0,"Summer","No Holiday","Yes"
"21/07/2023",5799,32,58,1.8,1459,22.6,3.26,0,0,"Summer","No Holiday","Yes"
"22/07/2023",6432,31.5,56,3.6,2000,21.6,3.37,0,0,"Summer","No Holiday","Yes"
"23/07/2023",423,25.2,98,2.6,1831,24.8,0.29,2.4,0,"Summer","No Holiday","Yes"
"24/07/2023",5988,27.7,81,1.7,2000,24.1,1.38,0,0,"Summer","No Holiday","Yes"
"25/07/2023",5852,30.1,72,3.9,2000,24.4,2.57,0,0,"Summer","No Holiday","Yes"
"26/07/2023",5033,30.2,71,4.3,2000,24.3,2.59,0,0,"Summer","No Holiday","Yes"
"27/07/2023",5772,31.1,70,1.7,2000,24.9,3,0,0,"Summer","No Holiday","Yes"
"28/07/2023",5359,32.3,64,2.3,2000,24.6,2.54,0,0,"Summer","No Holiday","Yes"
"29/07/2023",5574,31.8,65,2.3,2000,24.3,1.74,0,0,"Summer","No Holiday","Yes"
"30/07/2023",4607,33,54,2.3,2000,22.4,3.1,0,0,"Summer","No Holiday","Yes"
"31/07/2023",5100,31.1,67,3.1,2000,24.2,2.99,0,0,"Summer","No Holiday","Yes"
"01/08/2023",5006,32.2,63,1.7,2000,24.2,2.86,0,0,"Summer","No Holiday","Yes"
"02/08/2023",5211,32.4,62,2.7,2000,24.1,2.43,0,0,"Summer","No Holiday","Yes"
"03/08/2023",4948,31.7,61,2.2,2000,23.2,2.59,0,0,"Summer","No Holiday","Yes"
"04/08/2023",5172,31.9,63,2.5,2000,23.9,2.18,0,0,"Summer","No Holiday","Yes"
"05/08/2023",5094,32.6,59,1.6,2000,23.5,3.25,0,0,"Summer","No Holiday","Yes"
"06/08/2023",4587,32.4,68,2.6,2000,25.7,1.3,0,0,"Summer","No Holiday","Yes"
"07/08/2023",4905,32.6,62,2.3,2000,24.3,2.17,0,0,"Summer","No Holiday","Yes"
"08/08/2023",4854,33.3,55,2.4,2000,23,2.93,0,0,"Summer","No Holiday","Yes"
"09/08/2023",5720,30.9,59,3.4,2000,21.9,1.78,0,0,"Summer","No Holiday","Yes"
"10/08/2023",122,22.3,93,4.5,403,21.1,0.29,5.9,0,"Summer","No Holiday","Yes"
"11/08/2023",573,22.8,96,2.1,424,22.1,0.19,10.6,0,"Summer","No Holiday","Yes"
"12/08/2023",6126,23.4,85,1.6,2000,20.7,0.43,0,0,"Summer","No Holiday","Yes"
"13/08/2023",5533,28.6,71,2,2000,22.8,2.13,0,0,"Summer","No Holiday","Yes"
"14/08/2023",5648,30.3,72,1.3,1594,24.6,2.03,0,0,"Summer","No Holiday","Yes"
"15/08/2023",5693,30.8,60,1.7,2000,22.1,2.75,0,0,"Summer","Holiday","Yes"
"16/08/2023",5345,29.8,63,1.7,2000,21.9,2.68,0,0,"Summer","No Holiday","Yes"
"17/08/2023",5339,31,63,2.4,2000,23.1,3.06,0,0,"Summer","No Holiday","Yes"
"18/08/2023",5533,32.6,58,1.6,2000,23.2,3.01,0,0,"Summer","No Holiday","Yes"
"19/08/2023",6463,31.8,60,1.5,2000,23,2.96,0,0,"Summer","No Holiday","Yes"
"20/08/2023",5928,29.9,66,2,2000,22.8,2.31,0,0,"Summer","No Holiday","Yes"
"21/08/2023",5251,32.3,58,2.8,2000,22.9,2.75,0,0,"Summer","No Holiday","Yes"
"22/08/2023",4506,29.6,72,4.1,2000,24,1.67,0,0,"Summer","No Holiday","Yes"
"23/08/2023",259,25.3,94,3.3,250,24.2,0.28,5.2,0,"Summer","No Holiday","Yes"
"24/08/2023",5210,25.3,82,3.3,2000,21.9,0.64,0,0,"Summer","No Holiday","Yes"
"25/08/2023",6109,28.3,69,4.5,2000,22,2.24,0,0,"Summer","No Holiday","Yes"
"26/08/2023",7390,27.7,63,1.4,2000,20,1.88,0,0,"Summer","No Holiday","Yes"
"27/08/2023",7061,27.6,69,2.4,2000,21.3,1.32,0,0,"Summer","No Holiday","Yes"
"28/08/2023",1400,21.3,92,4,1958,19.9,0.51,0.4,0,"Summer","No Holiday","Yes"
"29/08/2023",124,24.8,96,3.1,80,24.1,0.15,27,0,"Summer","No Holiday","Yes"
"30/08/2023",4579,24.2,79,1.1,2000,20.3,1.09,0,0,"Summer","No Holiday","Yes"
"31/08/2023",6262,25.7,72,1.1,2000,20.2,2.05,0,0,"Summer","No Holiday","Yes"
"01/09/2023",6698,27.4,55,3.6,2000,17.5,3.14,0,0,"Autumn","No Holiday","Yes"
"02/09/2023",8192,28.1,54,1.9,2000,17.9,3.26,0,0,"Autumn","No Holiday","Yes"
"03/09/2023",6925,26.6,77,2.5,2000,22.2,2.3,0,0,"Autumn","No Holiday","Yes"
"04/09/2023",6259,27.9,77,2,2000,23.4,0.91,0,0,"Autumn","No Holiday","Yes"
"05/09/2023",5858,30.7,61,1.7,2000,22.3,2.98,0,0,"Autumn","No Holiday","Yes"
"06/09/2023",5990,30.4,61,2.4,2000,22,2.9,0,0,"Autumn","No Holiday","Yes"
"07/09/2023",5848,29.1,45,2.9,2000,15.9,3.15,0,0,"Autumn","No Holiday","Yes"
"08/09/2023",6831,28.1,46,2,2000,15.3,3.1,0,0,"Autumn","No Holiday","Yes"
"09/09/2023",8062,28.9,57,2,2000,19.5,2.94,0,0,"Autumn","No Holiday","Yes"
"10/09/2023",7709,27.9,61,2.8,2000,19.6,1.55,0,0,"Autumn","No Holiday","Yes"
"11/09/2023",6464,27.2,64,2.3,2000,19.7,1.54,0,0,"Autumn","No Holiday","Yes"
"12/09/2023",6495,28.1,58,0.6,2000,19,1.4,0,0,"Autumn","No Holiday","Yes"
"13/09/2023",511,23.4,76,1.9,1242,18.9,0.39,0.5,0,"Autumn","No Holiday","Yes"
"14/09/2023",6923,27,61,2.9,2000,18.8,2.76,0,0,"Autumn","No Holiday","Yes"
"15/09/2023",2284,22.2,84,2.8,2000,19.3,0.59,0.1,0,"Autumn","No Holiday","Yes"
"16/09/2023",8795,25.4,81,1.6,2000,21.8,1.07,0,0,"Autumn","No Holiday","Yes"
"17/09/2023",7130,26.3,77,1.3,2000,21.9,1.51,0,0,"Autumn","No Holiday","Yes"
"18/09/2023",6537,28.6,66,3.3,2000,21.6,2.97,0,0,"Autumn","No Holiday","Yes"
"19/09/2023",7018,26.3,68,2.8,1589,19.9,1.51,0,0,"Autumn","No Holiday","Yes"
"20/09/2023",199,20.8,91,4.2,674,19.2,0.44,1.5,0,"Autumn","No Holiday","Yes"
"21/09/2023",7389,22.9,63,2.7,2000,15.4,2.41,0,0,"Autumn","No Holiday","Yes"
"22/09/2023",8069,23.1,59,1.2,2000,14.6,2.63,0,0,"Autumn","No Holiday","Yes"
"23/09/2023",9914,25.6,47,2,2000,13.4,2.57,0,0,"Autumn","No Holiday","Yes"
"24/09/2023",9324,24.5,44,3.5,2000,11.4,2.98,0,0,"Autumn","No Holiday","Yes"
"25/09/2023",7125,24.1,55,2.1,2000,14.4,1.92,0,0,"Autumn","No Holiday","Yes"
"26/09/2023",1079,20.2,96,2.6,367,19.5,0.4,1.7,0,"Autumn","No Holiday","Yes"
"27/09/2023",6092,22.2,91,0.6,2000,20.6,0.92,0.1,0,"Autumn","No Holiday","Yes"
"28/09/2023",6296,25.2,68,1.7,1269,18.8,2.4,0,0,"Autumn","Holiday","Yes"
"29/09/2023",4411,24.1,49,1,2000,12.7,2.48,0,0,"Autumn","Holiday","Yes"
"30/09/2023",3067,20.2,70,2.8,2000,14.5,0.66,0,0,"Autumn","Holiday","Yes"
"01/10/2023",7387,21.3,45,3.1,2000,8.8,2.88,0,0,"Autumn","No Holiday","Yes"
"02/10/2023",8572,22.6,38,3.4,2000,7.5,2.87,0,0,"Autumn","Holiday","Yes"
"03/10/2023",8515,18,66,2,2000,11.5,0.59,0,0,"Autumn","Holiday","Yes"
"04/10/2023",7326,22,59,2.6,2000,13.6,2.3,0,0,"Autumn","No Holiday","Yes"
"05/10/2023",7108,16.2,39,3.3,2000,2.2,2.88,0,0,"Autumn","No Holiday","Yes"
"06/10/2023",8341,18.3,41,2,3453,4.8,2.68,0,0,"Autumn","No Holiday","Yes"
"07/10/2023",10008,20.2,49,2,4075,9.1,1.96,0,0,"Autumn","No Holiday","Yes"
"08/10/2023",7323,18.5,64,3,4039,11.5,0.76,0,0,"Autumn","No Holiday","Yes"
"09/10/2023",8399,19,64,1.9,4540,12,2.16,0,0,"Autumn","Holiday","Yes"
"10/10/2023",7534,20.6,55,3.2,2922,11.2,2.67,0,0,"Autumn","No Holiday","Yes"
"11/10/2023",7906,21.3,48,2.1,2831,9.8,2.62,0,0,"Autumn","No Holiday","Yes"
"12/10/2023",7763,21.9,48,0.6,2144,10.3,2.43,0,0,"Autumn","No Holiday","Yes"
"13/10/2023",8318,21.1,58,1.3,1766,12.5,1.7,0,0,"Autumn","No Holiday","Yes"
"14/10/2023",1339,15,90,1.6,269,13.3,0.33,1.5,0,"Autumn","No Holiday","Yes"
"15/10/2023",8960,17.7,69,3.3,2153,11.9,1.66,0,0,"Autumn","No Holiday","Yes"
"16/10/2023",7375,17.5,39,3,3250,3.3,2.64,0,0,"Autumn","No Holiday","Yes"
"17/10/2023",7633,18,40,1.9,3224,4.1,2.59,0,0,"Autumn","No Holiday","Yes"
"18/10/2023",7866,19.2,55,1.6,1601,9.9,2.05,0,0,"Autumn","No Holiday","Yes"
"19/10/2023",3976,17.6,89,0.3,479,15.7,0.4,0,0,"Autumn","No Holiday","Yes"
"20/10/2023",7625,14,35,4.7,4735,-1.2,2.61,0,0,"Autumn","No Holiday","Yes"
"21/10/2023",8370,13.8,46,4.7,4497,2.3,2.51,0,0,"Autumn","No Holiday","Yes"
"22/10/2023",7997,15.8,44,1.7,3573,3.5,2.34,0,0,"Autumn","No Holiday","Yes"
"23/10/2023",7014,19.7,61,2.3,1634,11.9,2.06,0,0,"Autumn","No Holiday","Yes"
"24/10/2023",7198,19.2,65,1.7,1335,12.4,2.12,0,0,"Autumn","No Holiday","Yes"
"25/10/2023",7592,19,68,1.6,1208,12.9,1.48,0,0,"Autumn","No Holiday","Yes"
"26/10/2023",6977,19.5,75,3.1,593,14.9,1.01,0,0,"Autumn","No Holiday","Yes"
"27/10/2023",7791,17.7,63,1.9,3022,10.5,1.49,0,0,"Autumn","No Holiday","Yes"
"28/10/2023",9367,18.3,55,1.2,1476,9,2.31,0,0,"Autumn","No Holiday","Yes"
"29/10/2023",8874,18.8,50,2,2937,8.1,2.34,0,0,"Autumn","No Holiday","Yes"
"30/10/2023",7200,19.1,55,2,1366,9.8,2.2,0,0,"Autumn","No Holiday","Yes"
"31/10/2023",7412,18.6,64,2,904,11.6,1.83,0,0,"Autumn","No Holiday","Yes"
"01/11/2023",6859,19.1,80,2.2,864,15.5,0.29,0,0,"Autumn","No Holiday","Yes"
"02/11/2023",7721,23.7,63,3.3,1822,16.2,2.01,0,0,"Autumn","No Holiday","Yes"
"03/11/2023",7520,21.6,73,3.4,1700,16.5,1,0,0,"Autumn","No Holiday","Yes"
"04/11/2023",9376,18.6,70,3.7,1833,13,1.12,0,0,"Autumn","No Holiday","Yes"
"05/11/2023",3358,17,93,3.6,2027,15.8,0.86,2.7,0,"Autumn","No Holiday","Yes"
"06/11/2023",2090,14.7,83,5.5,1752,11.8,0.79,0.3,0,"Autumn","No Holiday","Yes"
"07/11/2023",5200,7,54,3.4,4812,-1.6,2.3,0,0,"Autumn","No Holiday","Yes"
"08/11/2023",6070,10.6,46,2.3,3494,-0.5,1.74,0,0,"Autumn","No Holiday","Yes"
"09/11/2023",6612,15.1,55,1,1721,6.1,1.32,0,0,"Autumn","No Holiday","Yes"
"10/11/2023",5468,5.2,45,3.6,4001,-5.7,2.28,0,0,"Autumn","No Holiday","Yes"
"11/11/2023",5679,3.1,41,2.8,4019,-8.9,1.38,0,0,"Autumn","No Holiday","Yes"
"12/11/2023",4392,2.9,41,2.9,3948,-9,2.23,0,0,"Autumn","No Holiday","Yes"
"13/11/2023",4468,4.3,35,4.1,4612,-9.8,2.23,0,0,"Autumn","No Holiday","Yes"
"14/11/2023",5155,8.7,50,1.5,2300,-1.1,2.06,0,0,"Autumn","No Holiday","Yes"
"15/11/2023",6219,10.4,58,1.8,1247,2.4,1.88,0,0,"Autumn","No Holiday","Yes"
"16/11/2023",212,6.8,91,2.1,211,5.4,0.18,3.3,0,"Autumn","No Holiday","Yes"
"17/11/2023",4693,4,52,2.3,4990,-4.9,0.55,0,0,"Autumn","No Holiday","Yes"
"18/11/2023",4666,2.2,50,3.8,2648,-7.1,2.03,0,0,"Autumn","No Holiday","Yes"
"19/11/2023",5084,7.7,68,1.5,1619,2.1,0.88,0,0,"Autumn","No Holiday","Yes"
"20/11/2023",4988,10.1,46,2,2464,-1,2.05,0,0,"Autumn","No Holiday","Yes"
"21/11/2023",5502,11.8,43,1.1,1654,-0.3,2,0,0,"Autumn","No Holiday","Yes"
"22/11/2023",5959,11.8,50,0.9,1265,1.6,1.9,0,0,"Autumn","No Holiday","Yes"
"23/11/2023",5691,13.6,66,1.5,342,7.3,1.35,0,0,"Autumn","No Holiday","Yes"
"24/11/2023",4312,0.2,46,4.4,3927,-10,2.07,0,0,"Autumn","No Holiday","Yes"
"25/11/2023",4345,2.2,33,2.7,4286,-12.4,2.01,0,0,"Autumn","No Holiday","Yes"
"26/11/2023",4353,5.3,39,1.2,3680,-7.5,0.91,0,0,"Autumn","No Holiday","Yes"
"27/11/2023",1605,5.9,93,1.9,277,4.8,0.15,1.5,0,"Autumn","No Holiday","Yes"
"28/11/2023",4194,3.1,41,3.9,3559,-8.9,1.92,0,0,"Autumn","No Holiday","Yes"
"29/11/2023",4320,2,47,1.9,3716,-8.1,0.79,0,0,"Autumn","No Holiday","Yes"
"30/11/2023",3531,-3.2,36,4.3,4783,-16.1,2.01,0,0,"Autumn","No Holiday","Yes"
"01/12/2023",3679,-1.5,42,2.5,3581,-12.7,1.97,0,0,"Winter","No Holiday","Yes"
"02/12/2023",4603,3.7,55,1.5,1864,-4.5,1.7,0,0,"Winter","No Holiday","Yes"
"03/12/2023",3986,3,49,1.8,1862,-6.6,1.88,0,0,"Winter","No Holiday","Yes"
"04/12/2023",4180,5.2,45,1.1,1627,-5.7,1.83,0,0,"Winter","No Holiday","Yes"
"05/12/2023",4698,8.2,50,1.6,1938,-1.6,1.02,0,0,"Winter","No Holiday","Yes"
"06/12/2023",4532,7.6,66,2.3,761,1.6,0.37,0,0,"Winter","No Holiday","Yes"
"07/12/2023",4782,9.1,58,4,2508,1.2,1.65,0,0,"Winter","No Holiday","Yes"
"08/12/2023",5597,13.9,60,1.5,1604,6.2,1.55,0,0,"Winter","No Holiday","Yes"
"09/12/2023",6046,14.7,79,2.4,800,11,0.57,0,0,"Winter","No Holiday","Yes"
"10/12/2023",5452,12.4,51,NA,1331,2.5,NA,0,0,"Winter","No Holiday","Yes"
"11/12/2023",224,10.5,80,NA,2112,7.1,0.2,0.1,0,"Winter","No Holiday","Yes"
"12/12/2023",4330,6.2,71,2.5,5000,1.3,0.45,0,0,"Winter","No Holiday","Yes"
"13/12/2023",5074,7.6,71,2,3259,2.6,0.65,0,0,"Winter","No Holiday","Yes"
"14/12/2023",343,7.6,92,4.3,733,6.3,0.26,1.4,0,"Winter","No Holiday","Yes"
"15/12/2023",273,4.9,97,3.8,749,4.4,0.19,5.5,0,"Winter","No Holiday","Yes"
"16/12/2023",2551,-2.7,57,7.6,5000,-10,1.78,0,0,"Winter","No Holiday","Yes"
"17/12/2023",1705,-8.5,50,3.1,4319,-17,1.89,0,0,"Winter","No Holiday","Yes"
"18/12/2023",2282,-6.2,43,2.4,4967,-16.7,0.93,0,0,"Winter","No Holiday","Yes"
"19/12/2023",2848,-1.6,44,1,3810,-12.2,1.13,0,0,"Winter","No Holiday","Yes"
"20/12/2023",1707,-5.8,58,3.4,1263,-12.7,1.35,0,1.2,"Winter","No Holiday","Yes"
"21/12/2023",1726,-11.2,48,3.2,3059,-20,1.83,0,0.5,"Winter","No Holiday","Yes"
"22/12/2023",1988,-10.9,43,2.6,3657,-21,1.86,0,0.3,"Winter","No Holiday","Yes"
"23/12/2023",2547,-5.3,44,1.7,2899,-15.6,1.79,0,0.1,"Winter","No Holiday","Yes"
"24/12/2023",1538,-1,71,1.2,1475,-5.6,1.73,0,1,"Winter","No Holiday","Yes"
"25/12/2023",1303,1,81,1.9,749,-1.9,0.46,0.2,2.6,"Winter","Holiday","Yes"
"26/12/2023",2984,5.4,66,3.3,1038,-0.4,1.64,0,0,"Winter","No Holiday","Yes"
"27/12/2023",3316,3.6,71,1.3,597,-1.1,1.61,0,0,"Winter","No Holiday","Yes"
"28/12/2023",3422,2.9,58,3.9,1939,-4.5,1.56,0,0,"Winter","No Holiday","Yes"
"29/12/2023",3918,3.3,64,2.3,1245,-2.8,0.83,0,0,"Winter","No Holiday","Yes"
"30/12/2023",240,0.3,96,2.9,86,-0.2,0.11,4.4,7.3,"Winter","No Holiday","Yes"
"31/12/2023",1390,2.2,96,3.3,1408,1.6,0.37,0,3.9,"Winter","No Holiday","Yes"
"01/01/2024",2364,5.7,73,2.3,1555,1.2,1.7,0,1.7,"Winter","Holiday","Yes"
"02/01/2024",3254,3.6,72,1.7,967,-0.9,0.6,0,0,"Winter","No Holiday","Yes"
"03/01/2024",2540,3,89,1.4,405,1.3,0.38,0.5,0,"Winter","No Holiday","Yes"
"04/01/2024",3514,1.4,73,3,702,-2.9,0.95,0,0,"Winter","No Holiday","Yes"
"05/01/2024",3994,8.1,68,2.8,394,2.5,1.11,0,0,"Winter","No Holiday","Yes"
"06/01/2024",4102,2.9,44,2.3,4836,-8.1,1.83,0,0,"Winter","No Holiday","Yes"
"07/01/2024",1895,-2.5,44,4.7,4180,-13.1,1.89,0,3.2,"Winter","No Holiday","Yes"
"08/01/2024",2591,-2.3,40,1.7,2898,-14.1,1.89,0,1.2,"Winter","No Holiday","Yes"
"09/01/2024",677,-0.5,89,2.3,474,-2,0.22,0.2,1.4,"Winter","No Holiday","Yes"
"10/01/2024",2764,0,82,1.8,602,-2.7,1,0,2.5,"Winter","No Holiday","Yes"
"11/01/2024",3223,2.2,72,1.5,646,-2.3,1.14,0,1.9,"Winter","No Holiday","Yes"
"12/01/2024",3676,2.2,55,2.8,932,-5.9,1.74,0,0,"Winter","No Holiday","Yes"
"13/01/2024",4069,3.2,36,1.7,3700,-10.4,1.91,0,0,"Winter","No Holiday","Yes"
"14/01/2024",542,1.2,65,2.1,2106,-4.6,0.08,0,0,"Winter","No Holiday","Yes"
"15/01/2024",2831,-2.8,38,3.1,3858,-15.1,1.97,0,0,"Winter","No Holiday","Yes"
"16/01/2024",3048,-0.1,41,2.3,3101,-11.8,1.92,0,0,"Winter","No Holiday","Yes"
"17/01/2024",710,1,77,1.7,266,-2.5,0.3,0.1,0.1,"Winter","No Holiday","Yes"
"18/01/2024",3082,5,81,1.5,1189,2,1.66,0,0,"Winter","No Holiday","Yes"
"19/01/2024",4079,7.5,60,4.8,4393,0.2,1.69,0,0,"Winter","No Holiday","Yes"
"20/01/2024",3449,4.7,57,5.6,5000,-3.1,0.36,0,0,"Winter","No Holiday","Yes"
"21/01/2024",2952,4.2,66,1.3,5000,-1.5,0.64,0,0,"Winter","No Holiday","Yes"
"22/01/2024",1982,-8.4,60,4.8,2310,-14.7,0.78,0,1,"Winter","No Holiday","Yes"
"23/01/2024",1736,-10.4,49,4,3110,-19,2.06,0,0,"Winter","No Holiday","Yes"
"24/01/2024",2009,-6.7,45,3.6,3314,-16.6,2.05,0,0,"Winter","No Holiday","Yes"
"25/01/2024",2501,-4.2,37,1.3,3163,-16.7,2.04,0,0,"Winter","No Holiday","Yes"
"26/01/2024",3326,1.3,45,1.5,2772,-9.3,1.96,0,0,"Winter","No Holiday","Yes"
"27/01/2024",3765,2.1,43,2.2,1689,-9.2,1.94,0,0,"Winter","No Holiday","Yes"
"28/01/2024",3004,0.8,51,2,3410,-8.2,1.59,0,0,"Winter","No Holiday","Yes"
"29/01/2024",3269,2.1,52,2.3,1815,-6.7,1.93,0,0,"Winter","No Holiday","Yes"
"30/01/2024",3314,3.4,49,2.1,1160,-6.3,1.8,0,0,"Winter","No Holiday","Yes"
"31/01/2024",3824,8,40,1.2,1042,-4.8,1.92,0,0,"Winter","No Holiday","Yes"
"01/02/2024",3685,3.7,61,2.3,494,-3.1,1.32,0,0,"Winter","No Holiday","Yes"
"02/02/2024",4095,5.3,57,1.7,2806,-2.5,1.45,0,0,"Winter","No Holiday","Yes"
"03/02/2024",4288,6.5,55,3.7,1971,-1.9,1.18,0,0,"Winter","No Holiday","Yes"
"04/02/2024",4376,9.1,58,1.8,2159,1.2,1.95,0,0,"Winter","No Holiday","Yes"
"05/02/2024",1002,3.5,73,6.1,4319,-0.8,0.44,0,0,"Winter","No Holiday","Yes"
"06/02/2024",3071,2.6,76,1,3280,-1.2,0.57,0,1.3,"Winter","No Holiday","Yes"
"07/02/2024",3463,1.3,75,1.6,1117,-2.6,0.4,0,0,"Winter","No Holiday","Yes"
"08/02/2024",4161,2.9,58,2.6,1100,-4.5,1.98,0,0,"Winter","No Holiday","Yes"
"09/02/2024",2784,3.8,60,3.2,1303,-3.2,1.97,0,0,"Winter","Holiday","Yes"
"10/02/2024",1749,4.1,69,2.4,589,-1,1.18,0,0,"Winter","Holiday","Yes"
"11/02/2024",2691,3.7,52,2.1,1630,-5.2,1.79,0,0,"Winter","No Holiday","Yes"
"12/02/2024",3685,6.1,57,1.2,664,-1.7,2.18,0,0,"Winter","Holiday","Yes"
"13/02/2024",4251,12.2,61,4,1128,4.8,2.14,0,0,"Winter","No Holiday","Yes"
"14/02/2024",5060,16.4,64,2.2,1155,9.5,1.71,0,0,"Winter","No Holiday","Yes"
"15/02/2024",127,3,95,5.2,664,2.2,0.12,4.6,0,"Winter","No Holiday","Yes"
"16/02/2024",4409,3.5,62,2.3,2161,-3.1,0.78,0,0,"Winter","No Holiday","Yes"
"17/02/2024",5392,6.2,65,2.2,1640,0,1.91,0,0,"Winter","No Holiday","Yes"
"18/02/2024",4381,7.6,61,2.7,1495,0.5,0.31,0,0,"Winter","No Holiday","Yes"
"19/02/2024",1737,11.8,99,2.2,77,11.6,0.21,0.2,0,"Winter","No Holiday","Yes"
"20/02/2024",3513,5,88,1.1,781,3.1,0.22,0,0,"Winter","No Holiday","Yes"
"21/02/2024",207,2.4,93,5.2,1792,1.3,0.38,1.9,0,"Winter","No Holiday","Yes"
"22/02/2024",1114,0.8,76,4.9,2643,-2.9,0.59,0,13,"Winter","No Holiday","Yes"
"23/02/2024",3367,3.6,57,3.9,4471,-4.1,2.38,0,8.5,"Winter","No Holiday","Yes"
"24/02/2024",4298,3.9,52,3.6,4399,-5,2.07,0,1.5,"Winter","No Holiday","Yes"
"25/02/2024",3113,4.7,74,1.3,4022,0.4,1.49,0,0,"Winter","No Holiday","Yes"
"26/02/2024",4229,7.1,53,2.6,3489,-1.8,2.56,0,0,"Winter","No Holiday","Yes"
"27/02/2024",4105,6.2,46,3.5,4344,-4.5,1.71,0,0,"Winter","No Holiday","Yes"
"28/02/2024",4643,8.1,52,1.7,2366,-1.1,1.54,0,0,"Winter","No Holiday","Yes"
"29/02/2024",4380,6.8,59,0.8,1269,-0.6,0.46,0,0,"Winter","No Holiday","Yes"
"01/03/2024",2867,-3,33,4.6,3016,-17,2.72,0,0,"Spring","Holiday","Yes"
"02/03/2024",3513,1.9,54,4.7,3247,-6.4,2.43,0,0,"Spring","No Holiday","Yes"
"03/03/2024",4159,6.7,46,2.8,967,-4.1,2.12,0,0,"Spring","No Holiday","Yes"
"04/03/2024",4506,8,29,1.8,2102,-8.9,2.67,0,0,"Spring","No Holiday","Yes"
"05/03/2024",3978,10.4,37,3.2,1711,-3.6,1.4,0,0,"Spring","No Holiday","Yes"
"06/03/2024",4549,9.2,50,2.2,4809,-0.7,1.92,0,0,"Spring","No Holiday","Yes"
"07/03/2024",3832,5.4,66,3.1,829,-0.4,1.12,0,0,"Spring","No Holiday","Yes"
"08/03/2024",4128,4.6,32,5.4,3068,-10.7,2.82,0,0,"Spring","No Holiday","Yes"
"09/03/2024",5030,4.2,33,3.2,3018,-10.6,2.83,0,0,"Spring","No Holiday","Yes"
"10/03/2024",5185,7.8,32,3.1,2848,-7.9,2.75,0,0,"Spring","No Holiday","Yes"
"11/03/2024",4190,6.8,48,2.1,2184,-3.4,NA,0,0,"Spring","No Holiday","Yes"
"12/03/2024",3522,8.5,73,NA,1444,3.9,0,0.1,0,"Spring","No Holiday","Yes"
"13/03/2024",4935,10.6,50,2.6,2019,0.5,2.82,0,0,"Spring","No Holiday","Yes"
"14/03/2024",5063,11.8,47,2.1,1024,0.8,NA,0,0,"Spring","No Holiday","Yes"
"15/03/2024",5563,12.2,53,3.2,1048,2.8,2.67,0,0,"Spring","No Holiday","Yes"
"16/03/2024",7325,14.4,47,1.7,944,3.2,2.7,0,0,"Spring","No Holiday","Yes"
"17/03/2024",5711,9.6,39,5.6,1393,-3.7,2.59,0,0,"Spring","No Holiday","Yes"
"18/03/2024",4916,11,21,2.8,3886,-10.5,2.92,0,0,"Spring","No Holiday","Yes"
"19/03/2024",2965,8.6,74,4.8,1454,4.2,0.79,0.2,0,"Spring","No Holiday","Yes"
"20/03/2024",4295,6.6,35,3.9,3148,-7.8,2.72,0,0,"Spring","No Holiday","Yes"
"21/03/2024",4823,8.6,30,2.1,3110,-8,2.98,0,0,"Spring","No Holiday","Yes"
"22/03/2024",5320,14.2,32,3.2,2793,-2.2,2.31,0,0,"Spring","No Holiday","Yes"
"23/03/2024",7101,13.7,68,3.6,830,7.8,2.35,0,0,"Spring","No Holiday","Yes"
"24/03/2024",7859,19.2,34,2.4,3901,2.9,2.46,0,0,"Spring","No Holiday","Yes"
"25/03/2024",4146,13,50,5.7,4720,2.8,0.62,0,0,"Spring","No Holiday","Yes"
"26/03/2024",3767,7.7,77,2.4,4402,3.9,1.65,0,0,"Spring","No Holiday","Yes"
"27/03/2024",5738,13.6,56,3.1,1666,4.9,2.6,0,0,"Spring","No Holiday","Yes"
"28/03/2024",2869,11.2,76,1.8,1449,7.1,0.31,0,0,"Spring","No Holiday","Yes"
"29/03/2024",949,7.4,90,1.9,690,5.8,0.1,1.4,0,"Spring","No Holiday","Yes"
"30/03/2024",6837,11.5,44,2.3,2273,-0.3,2.4,0,0,"Spring","No Holiday","Yes"
"31/03/2024",7664,14.1,26,1.7,3740,-5.1,3.14,0,0,"Spring","No Holiday","Yes"
"01/04/2024",5978,16.9,21,2.7,4060,-5.6,3.07,0,0,"Spring","No Holiday","Yes"
"02/04/2024",6383,20.5,21,1.8,2182,-2.6,3.04,0,0,"Spring","No Holiday","Yes"
"03/04/2024",4393,18.1,52,2.3,4022,8,0.74,0,0,"Spring","No Holiday","Yes"
"04/04/2024",6723,19.3,42,2.3,3143,6,2.34,0,0,"Spring","No Holiday","Yes"
"05/04/2024",7569,16.7,46,1.8,2235,5,2.01,0,0,"Spring","No Holiday","Yes"
"06/04/2024",9530,15.6,33,1.5,1574,-0.6,2.16,0,0,"Spring","No Holiday","Yes"
"07/04/2024",9127,19.4,25,2.7,1579,-1.1,3.05,0,0,"Spring","No Holiday","Yes"
"08/04/2024",6116,18.8,33,2.2,1598,2.1,1.7,0,0,"Spring","No Holiday","Yes"
"09/04/2024",6854,17.6,24,4.2,3339,-3.2,3.23,0,0,"Spring","No Holiday","Yes"
"10/04/2024",9229,16.5,56,2.9,1547,7.6,2.11,0,0,"Spring","Holiday","Yes"
"11/04/2024",6015,17.6,55,1.8,1501,8.4,1.35,0,0,"Spring","No Holiday","Yes"
"12/04/2024",7132,20.5,50,2.5,1621,9.7,3.08,0,0,"Spring","No Holiday","Yes"
"13/04/2024",9066,23.7,42,2.4,1605,10,3.19,0,0,"Spring","No Holiday","Yes"
"14/04/2024",8218,25.8,30,2.3,2475,6.8,3.26,0,0,"Spring","No Holiday","Yes"
"15/04/2024",937,16.8,88,3,2183,14.7,0.66,0.3,0,"Spring","No Holiday","Yes"
"16/04/2024",5123,13.2,83,2.8,666,10.3,0.86,0,0,"Spring","No Holiday","Yes"
"17/04/2024",6496,18.6,53,2.8,767,8.8,3.04,0,0,"Spring","No Holiday","Yes"
"18/04/2024",6316,21.9,48,2.4,1130,10.3,3.17,0,0,"Spring","No Holiday","Yes"
"19/04/2024",7007,21.8,40,1.8,941,7.5,2.94,0,0,"Spring","No Holiday","Yes"
"20/04/2024",1522,16.9,70,2.9,2247,11.3,0.65,0,0,"Spring","No Holiday","Yes"
"21/04/2024",8134,21.4,56,3.9,3467,12.2,2.56,0,0,"Spring","No Holiday","Yes"
"22/04/2024",6386,19.8,46,3.6,3037,7.8,2,0,0,"Spring","No Holiday","Yes"
"23/04/2024",6770,21.2,45,3.2,3113,8.7,3.31,0,0,"Spring","No Holiday","Yes"
"24/04/2024",4785,14.1,78,1.5,3617,10.3,0.64,0,0,"Spring","No Holiday","Yes"
"25/04/2024",6721,13.8,73,1.1,898,9,1.48,0,0,"Spring","No Holiday","Yes"
"26/04/2024",7408,21.3,48,1.3,1314,9.8,2.52,0,0,"Spring","No Holiday","Yes"
"27/04/2024",9275,22,44,3.1,1342,9.1,3.45,0,0,"Spring","No Holiday","Yes"
"28/04/2024",7907,24.7,41,2.4,2561,10.5,3.22,0,0,"Spring","No Holiday","Yes"
"29/04/2024",7093,23.9,38,3.8,2572,8.7,3.11,0,0,"Spring","No Holiday","Yes"
"30/04/2024",7340,20.8,56,2.6,872,11.6,2.42,0,0,"Spring","No Holiday","Yes"
"01/05/2024",9575,20.5,34,1.8,3011,4,3.38,0,0,"Spring","No Holiday","Yes"
"02/05/2024",7211,22.4,40,3.4,1442,8.1,3.44,0,0,"Spring","No Holiday","Yes"
"03/05/2024",7737,23.4,35,1.6,1314,7,3.43,0,0,"Spring","No Holiday","Yes"
"04/05/2024",8233,26.1,36,1.7,805,9.8,3.32,0,0,"Spring","No Holiday","Yes"
"05/05/2024",114,18.3,95,2.5,403,17.4,0.39,4.5,0,"Spring","Holiday","Yes"
"06/05/2024",709,13.9,95,4.5,498,13.1,0.32,0.4,0,"Spring","Holiday","Yes"
"07/05/2024",3724,13.5,76,3.2,4388,9.3,0.55,0,0,"Spring","No Holiday","Yes"
"08/05/2024",6866,17.9,45,1.6,3027,5.7,3.54,0,0,"Spring","No Holiday","Yes"
"09/05/2024",6759,19.6,47,3.5,2305,7.9,3.3,0,0,"Spring","No Holiday","Yes"
"10/05/2024",7601,21.2,41,4.1,2164,7.4,3.03,0,0,"Spring","No Holiday","Yes"
"11/05/2024",7801,21.6,64,6.5,2473,14.4,0.89,0,0,"Spring","No Holiday","Yes"
"12/05/2024",8554,18.9,52,4.8,1786,8.8,3.42,0,0,"Spring","No Holiday","Yes"
"13/05/2024",6657,22.2,38,2.8,3010,7.1,3.56,0,0,"Spring","No Holiday","Yes"
"14/05/2024",7129,23.2,31,4.8,2884,5.1,3.54,0,0,"Spring","No Holiday","Yes"
"15/05/2024",6045,16.1,66,3.6,2246,9.7,0.55,0,0,"Spring","Holiday","Yes"
"16/05/2024",6776,17,45,3.6,4003,4.9,3.66,0,0,"Spring","No Holiday","Yes"
"17/05/2024",7493,21.7,55,1.6,1685,12.2,2.9,0,0,"Spring","No Holiday","Yes"
"18/05/2024",8969,24.3,54,2.5,3237,14.3,3.28,0,0,"Spring","No Holiday","Yes"
"19/05/2024",7903,25.5,49,1.5,3329,13.9,3.42,0,0,"Spring","No Holiday","Yes"
"20/05/2024",6419,22.3,66,4.1,3012,15.6,1.47,0,0,"Spring","No Holiday","Yes"
"21/05/2024",6564,24.4,55,2,2249,14.7,3.46,0,0,"Spring","No Holiday","Yes"
"22/05/2024",6718,23.4,63,2.7,766,15.9,3.46,0,0,"Spring","No Holiday","Yes"
"23/05/2024",6639,24.1,59,2.6,1025,15.5,3.47,0,0,"Spring","No Holiday","Yes"
"24/05/2024",7444,23.5,65,2.1,1047,16.5,3.2,0,0,"Spring","No Holiday","Yes"
"25/05/2024",9066,24.1,48,2.1,2152,12.3,2.37,0,0,"Spring","No Holiday","Yes"
"26/05/2024",8017,22.9,52,3.4,2322,12.5,1.44,0,0,"Spring","No Holiday","Yes"
"27/05/2024",6472,20.8,52,4.5,3474,10.5,3.29,0,0,"Spring","No Holiday","Yes"
"28/05/2024",6966,23.8,42,3.8,4412,10.1,3.5,0,0,"Spring","No Holiday","Yes"
"29/05/2024",6772,25.2,43,3.1,2698,11.7,3.46,0,0,"Spring","No Holiday","Yes"
"30/05/2024",6791,22.8,44,1.7,2907,9.9,0.79,0,0,"Spring","No Holiday","Yes"
"31/05/2024",7186,23.3,44,2.7,3842,10.3,3.53,0,0,"Spring","No Holiday","Yes"
"01/06/2024",8777,22.7,53,3.1,2526,12.6,3.4,0,0,"Summer","No Holiday","Yes"
"02/06/2024",8037,23.8,40,3.4,3877,9.3,3.61,0,0,"Summer","No Holiday","Yes"
"03/06/2024",6405,25.4,35,2.6,3950,8.8,3.63,0,0,"Summer","No Holiday","Yes"
"04/06/2024",6591,26.3,33,2.2,3970,8.7,3.58,0,0,"Summer","No Holiday","Yes"
"05/06/2024",6688,28,43,2.3,1362,14.2,3.2,0,0,"Summer","No Holiday","Yes"
"06/06/2024",7544,28.2,46,1.6,1268,15.4,2.87,0,0,"Summer","Holiday","Yes"
"07/06/2024",7623,25.9,44,2.2,2067,12.7,2.32,0,0,"Summer","No Holiday","Yes"
"08/06/2024",3600,19.5,89,1,800,17.6,0.51,0.3,0,"Summer","No Holiday","Yes"
"09/06/2024",7611,26,55,2.3,2037,16.2,3.19,0,0,"Summer","No Holiday","Yes"
"10/06/2024",6028,28.3,52,2.2,1496,17.4,3.17,0,0,"Summer","No Holiday","Yes"
"11/06/2024",6130,28.5,53,2.1,773,17.9,3.32,0,0,"Summer","No Holiday","Yes"
"12/06/2024",6016,29.3,42,1.9,2525,15,3.41,0,0,"Summer","No Holiday","Yes"
"13/06/2024",5838,30.6,41,2.5,2314,15.8,3.43,0,0,"Summer","No Holiday","Yes"
"14/06/2024",6177,31.6,35,2.7,2486,14.2,3.42,0,0,"Summer","No Holiday","Yes"
"15/06/2024",4470,24.9,73,2.1,1072,19.7,0.56,0,0,"Summer","No Holiday","Yes"
"16/06/2024",6767,27.4,42,3.4,3688,13.3,3.57,0,0,"Summer","No Holiday","Yes"
"17/06/2024",5804,28.8,42,2.8,2797,14.6,3.26,0,0,"Summer","No Holiday","Yes"
"18/06/2024",5723,29.9,46,2.5,2553,17,3.39,0,0,"Summer","No Holiday","Yes"
"19/06/2024",5440,32.3,39,1.4,2109,16.5,3.25,0,0,"Summer","No Holiday","Yes"
"20/06/2024",5256,33.6,35,2.6,1960,16,3.26,0,0,"Summer","No Holiday","Yes"
"21/06/2024",5734,33,38,2.3,2543,16.7,3.34,0,0,"Summer","No Holiday","Yes"
"22/06/2024",212,22.9,88,2.4,324,20.7,0.22,3.2,0,"Summer","No Holiday","Yes"
"23/06/2024",6358,27.8,68,2.8,3186,21.3,2.67,0,0,"Summer","No Holiday","Yes"
"24/06/2024",5522,27.1,65,3.9,1266,19.9,2.06,0,0,"Summer","No Holiday","Yes"
"25/06/2024",6360,25.6,48,3.8,4200,13.7,2.06,0,0,"Summer","No Holiday","Yes"
"26/06/2024",5954,28.6,53,2.7,2076,18,3.32,0,0,"Summer","No Holiday","Yes"
"27/06/2024",5991,30.3,42,2.7,2395,15.9,3.12,0,0,"Summer","No Holiday","Yes"
"28/06/2024",6218,30.5,47,2.3,2574,17.9,3.48,0,0,"Summer","No Holiday","Yes"
"29/06/2024",7196,31.3,47,2.6,3246,18.6,3.35,0,0,"Summer","No Holiday","Yes"
"30/06/2024",4319,22.3,90,3.9,1191,20.5,0.26,0,0,"Summer","No Holiday","Yes"
"01/07/2024",6208,28,57,2.7,2154,18.6,3.12,0,0,"Summer","No Holiday","Yes"
"02/07/2024",97,22.1,94,3.8,234,21,0.12,20.1,0,"Summer","No Holiday","Yes"
"03/07/2024",6511,25.9,70,4.2,4207,20,1.38,0,0,"Summer","No Holiday","Yes"
"04/07/2024",6444,28,66,2.5,757,21,2.98,0,0,"Summer","No Holiday","Yes"
"05/07/2024",6772,23.5,82,2.6,1760,20.2,0.88,0,0,"Summer","No Holiday","Yes"
"06/07/2024",6553,26.6,85,2.3,1861,23.8,0.61,0,0,"Summer","No Holiday","Yes"
"07/07/2024",6510,26,75,2.2,1065,21.2,0.97,0,0,"Summer","No Holiday","Yes"
"08/07/2024",723,23.9,92,2.7,640,22.5,0.3,0.3,0,"Summer","No Holiday","Yes"
"09/07/2024",4519,26.2,80,1.7,1647,22.4,0.75,0,0,"Summer","No Holiday","Yes"
"10/07/2024",5623,30.3,62,2.4,4316,22.1,3.45,0,0,"Summer","No Holiday","Yes"
"11/07/2024",5839,28.3,73,2.7,619,22.9,2.76,0,0,"Summer","No Holiday","Yes"
"12/07/2024",6510,25.9,79,0.9,733,21.9,0.93,0,0,"Summer","No Holiday","Yes"
"13/07/2024",6861,30.6,65,1.8,1172,23.2,2,0,0,"Summer","No Holiday","Yes"
"14/07/2024",5405,30.6,59,2.9,1966,21.6,3.19,0,0,"Summer","No Holiday","Yes"
"15/07/2024",5159,30.3,60,1.9,3660,21.6,2.19,0,0,"Summer","No Holiday","Yes"
"16/07/2024",5533,30.3,63,2.6,2931,22.4,2.07,0,0,"Summer","No Holiday","Yes"
"17/07/2024",3071,25.6,92,1.9,3227,24.1,0.44,0,0,"Summer","No Holiday","Yes"
"18/07/2024",128,23.9,97,1.5,998,23.3,0.23,3.7,0,"Summer","No Holiday","Yes"
"19/07/2024",6146,28.4,72,3.3,1615,22.8,2.52,0,0,"Summer","No Holiday","Yes"
"20/07/2024",5971,27.8,77,2.1,2917,23.3,1.64,0,0,"Summer","No Holiday","Yes"
"21/07/2024",5273,27,80,3.2,2395,23.2,2.18,0,0,"Summer","No Holiday","Yes"
"22/07/2024",3150,25.4,91,0.9,3617,23.8,0.62,1.9,0,"Summer","No Holiday","Yes"
"23/07/2024",1186,26,91,1.5,2037,24.4,0.36,0.3,0,"Summer","No Holiday","Yes"
"24/07/2024",5010,29.2,81,3,2354,25.5,1.69,0,0,"Summer","No Holiday","Yes"
"25/07/2024",4953,30.6,73,1.6,1347,25.1,1.43,0,0,"Summer","No Holiday","Yes"
"26/07/2024",5542,32,69,3.7,3370,25.5,2.53,0,0,"Summer","No Holiday","Yes"
"27/07/2024",5779,31.2,70,2.8,3540,25,2.02,0,0,"Summer","No Holiday","Yes"
"28/07/2024",5053,31,65,5.1,3156,23.6,2.34,0,0,"Summer","No Holiday","Yes"
"29/07/2024",5139,27.6,84,3.1,1932,24.6,0.27,0,0,"Summer","No Holiday","Yes"
"30/07/2024",5442,30.2,74,2.9,2270,25,2.32,0,0,"Summer","No Holiday","Yes"
"31/07/2024",5432,30.7,68,3,3386,24.1,1.75,0,0,"Summer","No Holiday","Yes"
"01/08/2024",5105,31.1,71,2.3,2752,25.2,1.63,0,0,"Summer","No Holiday","Yes"
"02/08/2024",5268,29.8,78,2.8,2238,25.5,0.71,0,0,"Summer","No Holiday","Yes"
"03/08/2024",5121,32,69,2.5,1139,25.5,2.5,0,0,"Summer","No Holiday","Yes"
"04/08/2024",3932,35,55,1.6,2064,24.6,3.43,0,0,"Summer","No Holiday","Yes"
"05/08/2024",4274,32,68,1.8,1110,25.3,1.24,0,0,"Summer","No Holiday","Yes"
"06/08/2024",4514,30.5,71,1.8,2436,24.6,3.13,0,0,"Summer","No Holiday","Yes"
"07/08/2024",4287,30.1,74,1.2,2744,24.9,2.07,0,0,"Summer","No Holiday","Yes"
"08/08/2024",4352,29.6,73,2,1864,24.2,1.2,0,0,"Summer","No Holiday","Yes"
"09/08/2024",4913,30.5,69,1.9,1813,24.1,1.27,0,0,"Summer","No Holiday","Yes"
"10/08/2024",5430,32.2,63,2.5,1824,24.2,2.22,0,0,"Summer","No Holiday","Yes"
"11/08/2024",4566,32.6,62,2.1,2227,24.3,1.67,0,0,"Summer","No Holiday","Yes"
"12/08/2024",4500,32.8,63,2.1,2034,24.8,1.98,0,0,"Summer","No Holiday","Yes"
"13/08/2024",4401,33.8,59,1.2,2132,24.6,2.76,0,0,"Summer","No Holiday","Yes"
"14/08/2024",4364,33.1,61,1.6,2003,24.5,1.03,0,0,"Summer","No Holiday","Yes"
"15/08/2024",4449,32,62,1.2,2285,23.7,1.98,0,0,"Summer","Holiday","Yes"
"16/08/2024",4729,31.7,61,2.6,2583,23.2,1.26,0,0,"Summer","No Holiday","Yes"
"17/08/2024",5303,32.6,57,1.6,2758,22.9,2,0,0,"Summer","No Holiday","Yes"
"18/08/2024",4418,32.4,61,1.8,3295,23.9,2.38,0,0,"Summer","No Holiday","Yes"
"19/08/2024",4386,33.5,57,2.4,2911,23.8,3.2,0,0,"Summer","No Holiday","Yes"
"20/08/2024",4505,33.6,60,2.5,2250,24.7,2.6,0,0,"Summer","No Holiday","Yes"
"21/08/2024",1206,27.9,91,3.2,2133,26.2,0.6,0.3,0,"Summer","No Holiday","Yes"
"22/08/2024",4145,30.2,74,4.6,3141,25,0.97,0,0,"Summer","No Holiday","Yes"
"23/08/2024",5254,30.3,66,2.3,1451,23.2,2.3,0,0,"Summer","No Holiday","Yes"
"24/08/2024",3358,29,76,2.9,425,24.3,0.86,0.7,0,"Summer","No Holiday","Yes"
"25/08/2024",5133,30.7,69,1.5,1059,24.3,1.93,0,0,"Summer","No Holiday","Yes"
"26/08/2024",5009,29.7,71,0.8,1078,23.8,1.12,0,0,"Summer","No Holiday","Yes"
"27/08/2024",5039,25.6,72,2.7,2535,20.1,0.41,0,0,"Summer","No Holiday","Yes"
"28/08/2024",5163,30.7,54,3.2,2730,20.3,3.2,0,0,"Summer","No Holiday","Yes"
"29/08/2024",4994,31.4,54,2.8,3982,20.9,3.19,0,0,"Summer","No Holiday","Yes"
"30/08/2024",5412,31,55,3.8,3592,20.8,3.2,0,0,"Summer","No Holiday","Yes"
"31/08/2024",6364,30.4,59,1.5,2093,21.4,2.8,0,0,"Summer","No Holiday","Yes"
"01/09/2024",5616,29.2,54,3.4,2078,18.9,2.21,0,0,"Autumn","No Holiday","Yes"
"02/09/2024",4725,24,78,3.6,1901,19.9,0.56,0,0,"Autumn","No Holiday","Yes"
"03/09/2024",5642,29.1,48,3.6,4071,16.9,3.19,0,0,"Autumn","No Holiday","Yes"
"04/09/2024",5514,30.3,50,2.6,3292,18.7,3.05,0,0,"Autumn","No Holiday","Yes"
"05/09/2024",2040,26.6,81,3.4,778,23,0.5,0.3,0,"Autumn","No Holiday","Yes"
"06/09/2024",1840,23.5,86,3.5,962,21,0.35,0.1,0,"Autumn","No Holiday","Yes"
"07/09/2024",7639,29,61,1.2,2130,20.7,2.55,0,0,"Autumn","No Holiday","Yes"
"08/09/2024",6150,30.1,60,1.9,1736,21.4,2.68,0,0,"Autumn","No Holiday","Yes"
"09/09/2024",5305,30.8,63,1.2,2225,22.9,1.53,0,0,"Autumn","No Holiday","Yes"
"10/09/2024",5132,32.6,60,1.5,1800,23.8,2.45,0,0,"Autumn","No Holiday","Yes"
"11/09/2024",4969,33.6,55,2.2,1823,23.3,2.27,0,0,"Autumn","No Holiday","Yes"
"12/09/2024",3267,26,90,2.8,3899,24.2,0.63,0,0,"Autumn","No Holiday","Yes"
"13/09/2024",3118,27.5,87,1.4,2101,25.1,0.68,0.3,0,"Autumn","No Holiday","Yes"
"14/09/2024",6133,29.9,70,2.3,3397,23.8,1.92,0,0,"Autumn","No Holiday","Yes"
"15/09/2024",4291,30.7,68,2.9,3655,24.1,2.19,0,0,"Autumn","No Holiday","Yes"
"16/09/2024",3906,27.8,68,4,4374,21.3,2.88,0,0,"Autumn","Holiday","Yes"
"17/09/2024",2967,31.7,66,1,4390,24.5,2.96,0,0,"Autumn","Holiday","Yes"
"18/09/2024",4462,31.7,69,1.4,2724,25.3,1.65,0,0,"Autumn","Holiday","Yes"
"19/09/2024",5219,31.1,71,1,1809,25.2,2.56,0,0,"Autumn","No Holiday","Yes"
"20/09/2024",3105,27.3,88,2.1,2713,25.1,0.38,0.4,0,"Autumn","No Holiday","Yes"
"21/09/2024",5877,20.2,80,4.9,4604,16.6,1.07,0,0,"Autumn","No Holiday","Yes"
"22/09/2024",8113,23.9,60,3.3,4373,15.6,1.9,0,0,"Autumn","No Holiday","Yes"
"23/09/2024",6269,23.9,51,3.8,4249,13.1,2.98,0,0,"Autumn","No Holiday","Yes"
"24/09/2024",6440,23.9,48,2.6,4423,12.2,2.97,0,0,"Autumn","No Holiday","Yes"
"25/09/2024",6466,26.2,61,1.3,2999,18,2.65,0,0,"Autumn","No Holiday","Yes"
"26/09/2024",6386,25.7,67,1.8,2307,19.1,1.42,0,0,"Autumn","No Holiday","Yes"
"27/09/2024",6793,24.8,71,2,3440,19.1,2.12,0,0,"Autumn","No Holiday","Yes"
"28/09/2024",8650,26.1,51,3.8,4374,15.1,2.79,0,0,"Autumn","No Holiday","Yes"
"29/09/2024",7919,26.8,56,2.5,4961,17.2,2.81,0,0,"Autumn","No Holiday","Yes"
"30/09/2024",6245,26.5,48,2.2,4308,14.5,2.79,0,0,"Autumn","No Holiday","Yes"
"01/10/2024",6310,18.8,69,4.1,4449,12.9,1.03,0,0,"Autumn","Holiday","Yes"
"02/10/2024",6652,17.2,42,3.7,4645,4.1,2.93,0,0,"Autumn","No Holiday","Yes"
"03/10/2024",8708,21.1,46,2.1,4395,9,2.83,0,0,"Autumn","Holiday","Yes"
"04/10/2024",7747,21.3,45,1.5,4317,8.8,2.82,0,0,"Autumn","No Holiday","Yes"
"05/10/2024",8874,21.6,45,1.6,3840,9.1,2.61,0,0,"Autumn","No Holiday","Yes"
"06/10/2024",6854,16.6,69,2.6,3719,10.8,0.41,0,0,"Autumn","No Holiday","Yes"
"07/10/2024",6350,19.4,66,2.4,1562,12.8,1.37,0,0,"Autumn","No Holiday","Yes"
"08/10/2024",6839,20.7,62,1.4,1599,13.1,2.57,0,0,"Autumn","No Holiday","Yes"
"09/10/2024",8839,22.4,51,2.4,3941,11.7,2.62,0,0,"Autumn","Holiday","Yes"
"10/10/2024",6642,20.7,57,1.5,3671,11.8,1.62,0,0,"Autumn","No Holiday","Yes"
"11/10/2024",7496,22.7,58,1.9,1615,14,2.17,0,0,"Autumn","No Holiday","Yes"
"12/10/2024",9048,22.3,45,1.9,2044,9.7,2.57,0,0,"Autumn","No Holiday","Yes"
"13/10/2024",8094,21.8,57,2.2,2737,12.8,1.56,0,0,"Autumn","No Holiday","Yes"
"14/10/2024",4715,20.2,67,1.9,2912,13.8,0.47,0,0,"Autumn","No Holiday","Yes"
"15/10/2024",5729,20.5,81,2.3,1243,17.1,0.76,0,0,"Autumn","No Holiday","Yes"
"16/10/2024",6672,20.8,67,1.6,1137,14.4,2.57,0,0,"Autumn","No Holiday","Yes"
"17/10/2024",6770,22.5,62,1.7,1472,14.8,2.39,0,0,"Autumn","No Holiday","Yes"
"18/10/2024",239,18.4,84,2.7,1180,15.6,0.27,0.1,0,"Autumn","No Holiday","Yes"
"19/10/2024",8396,20.8,68,3.4,4703,14.6,1.74,0,0,"Autumn","No Holiday","Yes"
"20/10/2024",7354,16.1,46,4.3,4482,4.4,2.59,0,0,"Autumn","No Holiday","Yes"
"21/10/2024",5894,16.4,59,2.4,3922,8.3,1.52,0,0,"Autumn","No Holiday","Yes"
"22/10/2024",827,15.5,94,2.4,1199,14.5,0.26,0.5,0,"Autumn","No Holiday","Yes"
"23/10/2024",5704,13.9,66,5,4479,7.6,1.48,0,0,"Autumn","No Holiday","Yes"
"24/10/2024",5999,15.9,57,3.3,3060,7.3,2.42,0,0,"Autumn","No Holiday","Yes"
"25/10/2024",6863,18.7,48,2.7,3853,7.4,2.43,0,0,"Autumn","No Holiday","Yes"
"26/10/2024",8454,20.9,57,2.2,3919,12,2.39,0,0,"Autumn","No Holiday","Yes"
"27/10/2024",7078,18.3,71,2.7,2309,12.9,0.94,0,0,"Autumn","No Holiday","Yes"
"28/10/2024",5785,17,74,2.6,1538,12.3,1.26,0,0,"Autumn","No Holiday","Yes"
"29/10/2024",5161,15.8,57,2.4,4456,7.2,0.52,0,0,"Autumn","No Holiday","Yes"
"30/10/2024",6249,19.9,60,1.2,1705,11.8,2.24,0,0,"Autumn","No Holiday","Yes"
"31/10/2024",6392,19.7,53,1.8,2498,9.8,1.89,0,0,"Autumn","No Holiday","Yes"
"01/11/2024",6545,16.6,66,3.4,1576,10.2,0.93,0,0,"Autumn","No Holiday","Yes"
"02/11/2024",8676,22.3,48,2.7,3314,10.7,2.3,0,0,"Autumn","No Holiday","Yes"
"03/11/2024",7985,20.7,55,2.1,2735,11.3,2.19,0,0,"Autumn","No Holiday","Yes"
"04/11/2024",5988,17.8,42,3.5,4128,4.7,1.63,0,0,"Autumn","No Holiday","Yes"
"05/11/2024",5625,12.8,48,2.7,2939,2,2.22,0,0,"Autumn","No Holiday","Yes"
"06/11/2024",5192,10.9,37,3.3,3317,-3.2,2.32,0,0,"Autumn","No Holiday","Yes"
"07/11/2024",5318,11.7,35,1.1,2399,-3.2,2.22,0,0,"Autumn","No Holiday","Yes"
"08/11/2024",5930,14.7,38,1.5,2185,0.5,2.18,0,0,"Autumn","No Holiday","Yes"
"09/11/2024",7755,17.7,47,1.5,2916,6.2,2.12,0,0,"Autumn","No Holiday","Yes"
"10/11/2024",6849,17.7,55,1.3,3330,8.5,1.79,0,0,"Autumn","No Holiday","Yes"
"11/11/2024",5892,17.8,49,1.9,1432,6.9,2.04,0,0,"Autumn","No Holiday","Yes"
"12/11/2024",5915,17.2,45,3,2609,5.1,2.13,0,0,"Autumn","No Holiday","Yes"
"13/11/2024",6882,18.1,54,2.7,2433,8.6,2.01,0,0,"Autumn","No Holiday","Yes"
"14/11/2024",5135,15.9,64,2,2522,9,0.66,0.1,0,"Autumn","No Holiday","Yes"
"15/11/2024",6669,17.8,66,1.6,1802,11.3,1.21,0,0,"Autumn","No Holiday","Yes"
"16/11/2024",8068,21.2,48,2.8,3812,9.7,NA,0,0,"Autumn","No Holiday","Yes"
"17/11/2024",4838,7.3,45,4.4,4071,-3.8,1.12,0,0,"Autumn","No Holiday","Yes"
"18/11/2024",4164,5.7,26,2.4,4415,-12.3,2.17,0,0,"Autumn","No Holiday","Yes"
"19/11/2024",4645,9.1,42,1.7,4025,-3.1,1.87,0,0,"Autumn","No Holiday","Yes"
"20/11/2024",4869,9.5,50,1.8,2014,-0.4,1.21,0,0,"Autumn","No Holiday","Yes"
"21/11/2024",5165,13,71,2,628,7.8,1.49,0,0,"Autumn","No Holiday","Yes"
"22/11/2024",5228,8.1,40,3.9,2729,-4.7,2.06,0,0,"Autumn","No Holiday","Yes"
"23/11/2024",5928,10.4,38,2.6,3331,-3.3,1.93,0,0,"Autumn","No Holiday","Yes"
"24/11/2024",5421,10.8,51,2.4,3882,1,1.95,0,0,"Autumn","No Holiday","Yes"
"25/11/2024",5047,12.7,50,3.3,3019,2.5,1.74,0,0,"Autumn","No Holiday","Yes"
"26/11/2024",2419,6.8,75,7.2,3284,2.6,0.99,0.1,0,"Autumn","No Holiday","Yes"
"27/11/2024",602,-0.4,89,1.5,128,-1.9,0.14,0.3,15,"Autumn","No Holiday","Yes"
"28/11/2024",1641,2.5,81,3.8,1358,-0.4,0.92,0,20.7,"Autumn","No Holiday","Yes"
"29/11/2024",3263,2.6,56,1.2,2714,-5.3,1.89,0,10,"Autumn","No Holiday","Yes"
"30/11/2024",3779,3.3,71,2.3,1935,-1.4,0.5,0,7.8,"Autumn","No Holiday","Yes"
"01/12/2024",3995,6.5,83,2.8,869,3.8,1.58,0,4.2,"Winter","No Holiday","Yes"
"02/12/2024",4074,10.8,89,1.3,988,9,0.65,0,0,"Winter","No Holiday","Yes"
"03/12/2024",3543,2.7,30,3.9,4765,-13.1,1.95,0,0,"Winter","No Holiday","Yes"
"04/12/2024",3538,5.1,34,2.8,3859,-9.5,1.91,0,0,"Winter","No Holiday","Yes"
"05/12/2024",3817,7.2,34,3.4,4091,-7.6,1.91,0,0,"Winter","No Holiday","Yes"
"06/12/2024",3618,4.2,40,3,3215,-8.2,1.91,0,0,"Winter","No Holiday","Yes"
"07/12/2024",4038,2.7,48,2.2,2928,-7.2,1.84,0,0,"Winter","No Holiday","Yes"
"08/12/2024",2948,1.8,44,2.1,2909,-9.1,1.88,0,0,"Winter","No Holiday","Yes"
"09/12/2024",3417,4.1,40,1.3,2864,-8.3,1.8,0,0,"Winter","No Holiday","Yes"
"10/12/2024",3669,5.9,45,2.4,2312,-5.1,1.79,0,0,"Winter","No Holiday","Yes"
"11/12/2024",4054,5,45,2.2,1413,-5.9,1.32,0,0,"Winter","No Holiday","Yes"
"12/12/2024",3706,3.6,32,2.2,3020,-11.5,1.87,0,0,"Winter","No Holiday","Yes"
"13/12/2024",3751,3.5,36,1.8,2806,-10.2,1.16,0,0,"Winter","No Holiday","Yes"
"14/12/2024",3812,0.7,43,3.6,2378,-10.4,1.83,0,0,"Winter","No Holiday","Yes"
"15/12/2024",3294,3.6,57,2.5,2964,-4.1,1.11,0,0,"Winter","No Holiday","Yes"
"16/12/2024",3278,3.8,41,2.5,4007,-8.2,1.33,0,0,"Winter","No Holiday","Yes"
"17/12/2024",3093,1.1,42,1.6,3645,-10.4,1.51,0,0,"Winter","No Holiday","Yes"
"18/12/2024",2943,-2,40,2.6,2899,-13.8,1.86,0,0,"Winter","No Holiday","Yes"
"19/12/2024",3071,1.7,41,2.8,1665,-10.1,1.74,0,0,"Winter","No Holiday","Yes"
"20/12/2024",3457,2.7,50,2.2,1528,-6.7,0.61,0,0,"Winter","No Holiday","Yes"
"21/12/2024",2499,0.6,71,3.5,750,-4,1.24,0,1.8,"Winter","No Holiday","Yes"
"22/12/2024",2026,-1.6,42,3.5,3880,-12.8,1.86,0,0.9,"Winter","No Holiday","Yes"
"23/12/2024",2978,3.8,54,1.6,2734,-4.6,1.77,0,0.5,"Winter","No Holiday","Yes"
"24/12/2024",3284,1.9,37,2.1,3188,-11.2,1.82,0,0,"Winter","No Holiday","Yes"
"25/12/2024",2701,3.5,60,1.2,2243,-3.5,0.8,0,0,"Winter","Holiday","Yes"
"26/12/2024",2885,1.3,41,4.9,2410,-10.5,1.84,0,0,"Winter","No Holiday","Yes"
"27/12/2024",2874,-0.8,38,2.8,3639,-13.3,1.78,0,0,"Winter","No Holiday","Yes"
"28/12/2024",2807,-1.7,39,2.6,3076,-13.8,1.81,0,0,"Winter","No Holiday","Yes"
"29/12/2024",2654,3.7,43,1.5,3313,-7.7,1.72,0,0,"Winter","No Holiday","Yes"
"30/12/2024",3456,9.3,61,3.7,1313,2.1,1.55,0,0,"Winter","No Holiday","Yes"
"31/12/2024",3336,1.9,35,2.5,3889,-11.9,1.86,0,0,"Winter","No Holiday","Yes"
